{"time":"2019-03-04-21","temperature":[12.0,10.858805,11.7,11.0,11.8],"source":["meteo_concept","api-agro","weatherbit","wunderground","dark_sky"],"min":10.858805,"moy":11.471761,"max":12.0}