{"time":"2019-02-23-21","temperature":[11.0,10.0,9.745844,11.13,9.8],"source":["meteo_concept","wunderground","api-agro","dark_sky","weatherbit"],"min":9.745844,"moy":10.335169,"max":11.13}