{"time":"2019-02-28-14","temperature":[22.0,23.0,22.88,22.6,21.547724],"source":["meteo_concept","wunderground","dark_sky","weatherbit","api-agro"],"min":21.547724,"moy":22.405544,"max":23.0}