{"time":"2019-02-26-15","temperature":[20.26,21.0,20.0,19.374353,19.5],"source":["dark_sky","meteo_concept","wunderground","api-agro","weatherbit"],"min":19.374353,"moy":20.02687,"max":21.0}