{"time":"2019-02-27-14","temperature":[20.2,21.0,21.0,19.409327,20.98],"source":["weatherbit","meteo_concept","wunderground","api-agro","dark_sky"],"min":19.409327,"moy":20.517866,"max":21.0}