{"time":"2019-03-01-02","temperature":[10.2,10.0,11.34,9.699213,11.0],"source":["weatherbit","wunderground","dark_sky","api-agro","meteo_concept"],"min":9.699213,"moy":10.447843,"max":11.34}