{"time":"2019-03-05-19","temperature":[12.641443,11.8,12.0,11.0,12.13,10.35,11.36],"source":["api-agro","weatherbit","wunderground","meteo_concept","dark_sky","infoclimat","open_weather_map"],"min":10.35,"moy":11.611634,"max":12.641443}