{"time":"2019-02-23-20","temperature":[11.07,11.0,10.0,10.4,10.550989],"source":["dark_sky","meteo_concept","wunderground","weatherbit","api-agro"],"min":10.0,"moy":10.6041975,"max":11.07}