{"time":"2019-03-02-10","temperature":[10.85,12.0,12.74,11.16,12.0,10.554834,12.4],"source":["infoclimat","meteo_concept","open_weather_map","dark_sky","wunderground","api-agro","weatherbit"],"min":10.554834,"moy":11.672119,"max":12.74}