{"time":"2019-02-28-12","temperature":[18.99,19.0,15.441553,19.0,17.2],"source":["dark_sky","meteo_concept","api-agro","wunderground","weatherbit"],"min":15.441553,"moy":17.926311,"max":19.0}