{"time":"2019-03-01-15","temperature":[17.417414,20.09,18.0,18.7,20.0],"source":["api-agro","dark_sky","meteo_concept","weatherbit","wunderground"],"min":17.417414,"moy":18.841482,"max":20.09}