{"time":"2019-02-28-11","temperature":[17.0,12.3,11.220636,15.44,16.0],"source":["meteo_concept","weatherbit","api-agro","dark_sky","wunderground"],"min":11.220636,"moy":14.392127,"max":17.0}