{"time":"2019-02-26-11","temperature":[13.93,14.2,13.212549,15.0,16.0],"source":["dark_sky","weatherbit","api-agro","wunderground","meteo_concept"],"min":13.212549,"moy":14.46851,"max":16.0}