{"time":"2019-03-04-14","temperature":[17.78,16.6,14.248423,18.0,16.0],"source":["dark_sky","weatherbit","api-agro","wunderground","meteo_concept"],"min":14.248423,"moy":16.525684,"max":18.0}