{"time":"2019-03-02-15","temperature":[18.0,18.0,18.1,16.878565,18.53],"source":["wunderground","meteo_concept","weatherbit","api-agro","dark_sky"],"min":16.878565,"moy":17.901712,"max":18.53}