{"time":"2019-03-03-18","temperature":[15.1,14.0,14.72,15.0,15.516504],"source":["weatherbit","wunderground","dark_sky","meteo_concept","api-agro"],"min":14.0,"moy":14.867301,"max":15.516504}