{"time":"2019-02-25-18","temperature":[16.66305,14.0,15.5,13.44,16.0],"source":["api-agro","wunderground","weatherbit","dark_sky","meteo_concept"],"min":13.44,"moy":15.12061,"max":16.66305}