{"time":"2019-03-01-00","temperature":[13.0,11.0,10.868097,12.34,11.6],"source":["meteo_concept","wunderground","api-agro","dark_sky","weatherbit"],"min":10.868097,"moy":11.76162,"max":13.0}