{"time":"2019-02-26-14","temperature":[18.657862,19.56,19.0,20.0,18.9],"source":["api-agro","dark_sky","wunderground","meteo_concept","weatherbit"],"min":18.657862,"moy":19.223572,"max":20.0}