{"time":"2019-03-05-19","temperature":[11.5,11.0,12.08,12.265619,10.65,12.0,11.74],"source":["weatherbit","wunderground","dark_sky","api-agro","infoclimat","meteo_concept","open_weather_map"],"min":10.65,"moy":11.605088,"max":12.265619}