{"time":"2019-02-26-15","temperature":[18.62359,21.0,19.97,20.2,20.0],"source":["api-agro","meteo_concept","dark_sky","weatherbit","wunderground"],"min":18.62359,"moy":19.958717,"max":21.0}