{"time":"2019-03-02-18","temperature":[15.0,15.6,15.37,17.0,14.89683],"source":["wunderground","weatherbit","dark_sky","meteo_concept","api-agro"],"min":14.89683,"moy":15.573366,"max":17.0}