{"time":"2019-02-28-13","temperature":[21.73,21.0,21.0,20.35,20.9,18.849207,21.87],"source":["dark_sky","wunderground","meteo_concept","infoclimat","weatherbit","api-agro","open_weather_map"],"min":18.849207,"moy":20.814173,"max":21.87}