{"time":"2019-02-26-10","temperature":[11.8,14.39,12.22,13.0,10.873682,14.0,12.25],"source":["weatherbit","open_weather_map","dark_sky","wunderground","api-agro","meteo_concept","infoclimat"],"min":10.873682,"moy":12.647669,"max":14.39}