{"time":"2019-03-01-01","temperature":[11.0,11.0,11.87,12.0,10.349695],"source":["wunderground","weatherbit","dark_sky","meteo_concept","api-agro"],"min":10.349695,"moy":11.243939,"max":12.0}