{"time":"2019-03-01-18","temperature":[16.0,15.0,16.78,15.9,15.191614],"source":["meteo_concept","wunderground","dark_sky","weatherbit","api-agro"],"min":15.0,"moy":15.7743225,"max":16.78}