{"time":"2019-02-26-13","temperature":[18.5,19.24,17.95,18.0,16.676966,19.0,18.12],"source":["weatherbit","open_weather_map","infoclimat","wunderground","api-agro","meteo_concept","dark_sky"],"min":16.676966,"moy":18.212423,"max":19.24}