{"time":"2019-03-04-15","temperature":[16.8,14.907419,17.41,17.0,16.0],"source":["weatherbit","api-agro","dark_sky","wunderground","meteo_concept"],"min":14.907419,"moy":16.423483,"max":17.41}