{"time":"2019-02-26-12","temperature":[18.0,15.02984,16.7,16.32,17.0],"source":["meteo_concept","api-agro","weatherbit","dark_sky","wunderground"],"min":15.02984,"moy":16.609968,"max":18.0}