{"time":"2019-03-01-17","temperature":[18.81,17.2,16.704523,17.0,18.0],"source":["dark_sky","weatherbit","api-agro","meteo_concept","wunderground"],"min":16.704523,"moy":17.542904,"max":18.81}