{"time":"2019-02-21-15","temperature":[14.6,14.84,16.0,15.0,13.651117],"source":["weatherbit","dark_sky","meteo_concept","wunderground","api-agro"],"min":13.651117,"moy":14.818223,"max":16.0}