{"time":"2019-02-22-22","temperature":[14.140436,12.82,14.0,13.8,11.65,13.95,14.0],"source":["api-agro","open_weather_map","wunderground","weatherbit","infoclimat","dark_sky","meteo_concept"],"min":11.65,"moy":13.4800625,"max":14.140436}