{"time":"2019-02-23-20","temperature":[11.0,11.79,11.0,10.8,10.550989],"source":["wunderground","dark_sky","meteo_concept","weatherbit","api-agro"],"min":10.550989,"moy":11.028198,"max":11.79}