{"time":"2019-03-02-17","temperature":[16.6,16.81,15.537714,17.0,18.0],"source":["weatherbit","dark_sky","api-agro","wunderground","meteo_concept"],"min":15.537714,"moy":16.789543,"max":18.0}