{"time":"2019-03-03-19","temperature":[11.05,13.387903,12.81,12.0,12.36,13.0,12.2],"source":["infoclimat","api-agro","open_weather_map","wunderground","dark_sky","meteo_concept","weatherbit"],"min":11.05,"moy":12.401129,"max":13.387903}