{"time":"2019-02-21-14","temperature":[15.0,12.627375,14.29,13.8,14.0],"source":["meteo_concept","api-agro","dark_sky","weatherbit","wunderground"],"min":12.627375,"moy":13.943475,"max":15.0}