{"time":"2019-02-22-11","temperature":[13.42,15.4,16.0,14.8771305,15.0],"source":["dark_sky","weatherbit","meteo_concept","api-agro","wunderground"],"min":13.42,"moy":14.939426,"max":16.0}