{"time":"2019-03-01-17","temperature":[17.0,16.746271,18.77,18.0,18.2],"source":["meteo_concept","api-agro","dark_sky","wunderground","weatherbit"],"min":16.746271,"moy":17.743254,"max":18.77}