{"time":"2019-02-28-15","temperature":[23.29,22.0,21.885157,23.0,22.7],"source":["dark_sky","meteo_concept","api-agro","wunderground","weatherbit"],"min":21.885157,"moy":22.575031,"max":23.29}