{"time":"2019-03-04-10","temperature":[12.7,11.35,12.0,10.6540165,13.0,13.05,12.16],"source":["weatherbit","infoclimat","meteo_concept","api-agro","wunderground","open_weather_map","dark_sky"],"min":10.6540165,"moy":12.130574,"max":13.05}