{"time":"2019-03-04-11","temperature":[14.3,14.06,14.0,14.0,12.483606],"source":["weatherbit","dark_sky","meteo_concept","wunderground","api-agro"],"min":12.483606,"moy":13.768722,"max":14.3}