{"time":"2019-02-23-18","temperature":[12.9,13.0,13.68,12.728632,13.0],"source":["weatherbit","meteo_concept","dark_sky","api-agro","wunderground"],"min":12.728632,"moy":13.061727,"max":13.68}