{"time":"2019-02-26-11","temperature":[13.212549,15.0,14.33,14.4,16.0],"source":["api-agro","wunderground","dark_sky","weatherbit","meteo_concept"],"min":13.212549,"moy":14.58851,"max":16.0}