{"time":"2019-03-04-14","temperature":[17.69,15.189676,18.0,16.0,16.7],"source":["dark_sky","api-agro","wunderground","meteo_concept","weatherbit"],"min":15.189676,"moy":16.715935,"max":18.0}