{"time":"2019-02-27-23","temperature":[6.4297423,9.99,8.2,11.0,8.0],"source":["api-agro","dark_sky","weatherbit","meteo_concept","wunderground"],"min":6.4297423,"moy":8.7239485,"max":11.0}