{"time":"2019-03-02-18","temperature":[15.8,15.78,15.0,17.0,14.507105],"source":["weatherbit","dark_sky","wunderground","meteo_concept","api-agro"],"min":14.507105,"moy":15.617421,"max":17.0}