{"time":"2019-03-02-15","temperature":[18.0,19.0,18.39,17.8,16.254114],"source":["meteo_concept","wunderground","dark_sky","weatherbit","api-agro"],"min":16.254114,"moy":17.888823,"max":19.0}