{"time":"2019-02-23-14","temperature":[18.0,18.51,18.0,17.504969,17.8],"source":["wunderground","dark_sky","meteo_concept","api-agro","weatherbit"],"min":17.504969,"moy":17.962994,"max":18.51}