{"time":"2019-02-24-14","temperature":[16.43,15.8849125,16.0,14.0,16.0],"source":["dark_sky","api-agro","wunderground","meteo_concept","weatherbit"],"min":14.0,"moy":15.662983,"max":16.43}