{"time":"2019-03-05-18","temperature":[14.0,13.467096,13.84,13.7,14.0],"source":["wunderground","api-agro","dark_sky","weatherbit","meteo_concept"],"min":13.467096,"moy":13.801419,"max":14.0}