{"time":"2019-03-01-18","temperature":[15.4,16.41,16.0,14.994257,16.0],"source":["weatherbit","dark_sky","meteo_concept","api-agro","wunderground"],"min":14.994257,"moy":15.760852,"max":16.41}