{"time":"2019-02-25-12","temperature":[14.0,14.6,14.0,13.69,13.434015],"source":["meteo_concept","weatherbit","wunderground","dark_sky","api-agro"],"min":13.434015,"moy":13.944803,"max":14.6}