{"time":"2019-03-03-19","temperature":[12.26,13.0,10.85,13.555384,12.2,12.0,12.81],"source":["dark_sky","meteo_concept","infoclimat","api-agro","weatherbit","wunderground","open_weather_map"],"min":10.85,"moy":12.382197,"max":13.555384}