{"time":"2019-03-03-15","temperature":[18.0,19.37,17.741663,18.9,18.0],"source":["meteo_concept","dark_sky","api-agro","weatherbit","wunderground"],"min":17.741663,"moy":18.402332,"max":19.37}