{"time":"2019-03-03-15","temperature":[19.59,16.42187,18.0,18.4,19.0],"source":["dark_sky","api-agro","meteo_concept","weatherbit","wunderground"],"min":16.42187,"moy":18.282373,"max":19.59}