{"time":"2019-03-03-19","temperature":[13.0,12.27,13.165522,12.3,11.35,12.47,12.0],"source":["meteo_concept","open_weather_map","api-agro","weatherbit","infoclimat","dark_sky","wunderground"],"min":11.35,"moy":12.365074,"max":13.165522}