{"time":"2019-02-21-14","temperature":[13.5,14.62,12.275629,15.0,15.0],"source":["weatherbit","dark_sky","api-agro","meteo_concept","wunderground"],"min":12.275629,"moy":14.079125,"max":15.0}