{"time":"2019-03-04-13","temperature":[17.0,17.28,17.0,16.97,15.25,14.773661,16.8],"source":["wunderground","dark_sky","meteo_concept","open_weather_map","infoclimat","api-agro","weatherbit"],"min":14.773661,"moy":16.439095,"max":17.28}