{"time":"2019-02-23-03","temperature":[9.0,11.0,11.0,9.03,11.521158],"source":["wunderground","weatherbit","meteo_concept","dark_sky","api-agro"],"min":9.0,"moy":10.310231,"max":11.521158}