{"time":"2019-02-21-12","temperature":[11.0,11.71,10.576746,12.0,13.0],"source":["weatherbit","dark_sky","api-agro","wunderground","meteo_concept"],"min":10.576746,"moy":11.65735,"max":13.0}