{"time":"2019-03-04-15","temperature":[16.6,16.0,17.53,17.0,15.1553135],"source":["weatherbit","meteo_concept","dark_sky","wunderground","api-agro"],"min":15.1553135,"moy":16.457062,"max":17.53}