{"time":"2019-02-21-16","temperature":[16.0,15.89,18.13,14.5,16.0,15.95,14.098688],"source":["meteo_concept","dark_sky","open_weather_map","weatherbit","wunderground","infoclimat","api-agro"],"min":14.098688,"moy":15.7955265,"max":18.13}