{"time":"2019-03-01-00","temperature":[13.0,11.8,10.868097,11.0,12.34],"source":["meteo_concept","weatherbit","api-agro","wunderground","dark_sky"],"min":10.868097,"moy":11.80162,"max":13.0}