{"time":"2019-03-02-17","temperature":[15.558313,18.0,17.56,17.0,16.9],"source":["api-agro","meteo_concept","dark_sky","wunderground","weatherbit"],"min":15.558313,"moy":17.003662,"max":18.0}