{"time":"2019-02-23-12","temperature":[15.0,15.0,16.0,14.32,14.230219],"source":["weatherbit","wunderground","meteo_concept","dark_sky","api-agro"],"min":14.230219,"moy":14.910044,"max":16.0}