{"time":"2019-02-23-18","temperature":[13.85,13.0,12.863825,13.0,13.0],"source":["dark_sky","weatherbit","api-agro","meteo_concept","wunderground"],"min":12.863825,"moy":13.142765,"max":13.85}