{"time":"2019-02-21-12","temperature":[9.710779,10.4,11.53,13.0,12.0],"source":["api-agro","weatherbit","dark_sky","meteo_concept","wunderground"],"min":9.710779,"moy":11.3281555,"max":13.0}