{"time":"2019-02-28-11","temperature":[17.0,15.57,12.7,11.220636,15.0],"source":["meteo_concept","dark_sky","weatherbit","api-agro","wunderground"],"min":11.220636,"moy":14.298127,"max":17.0}