{"time":"2019-02-23-15","temperature":[17.63,16.753504,18.3,19.0,17.0],"source":["dark_sky","api-agro","weatherbit","meteo_concept","wunderground"],"min":16.753504,"moy":17.7367,"max":19.0}