{"time":"2019-02-25-11","temperature":[12.0,11.801386,12.5,12.0,11.83],"source":["wunderground","api-agro","weatherbit","meteo_concept","dark_sky"],"min":11.801386,"moy":12.026278,"max":12.5}