{"time":"2019-03-02-16","temperature":[18.32,18.0,16.370203,17.2,18.0,17.05,18.19],"source":["open_weather_map","meteo_concept","api-agro","weatherbit","wunderground","infoclimat","dark_sky"],"min":16.370203,"moy":17.590029,"max":18.32}