{"time":"2019-02-21-15","temperature":[16.0,14.3,16.0,13.391443,15.92],"source":["wunderground","weatherbit","meteo_concept","api-agro","dark_sky"],"min":13.391443,"moy":15.122289,"max":16.0}