{"time":"2019-02-23-11","temperature":[12.13,13.6,15.0,12.6444645,13.0],"source":["dark_sky","weatherbit","meteo_concept","api-agro","wunderground"],"min":12.13,"moy":13.274893,"max":15.0}