{"time":"2019-03-03-14","temperature":[19.4,16.215387,19.0,18.5,17.0],"source":["dark_sky","api-agro","wunderground","weatherbit","meteo_concept"],"min":16.215387,"moy":18.023077,"max":19.4}