{"time":"2019-02-24-17","temperature":[15.7,14.44,16.386255,15.0,16.0],"source":["weatherbit","dark_sky","api-agro","wunderground","meteo_concept"],"min":14.44,"moy":15.505251,"max":16.386255}