{"time":"2019-02-23-15","temperature":[19.0,17.98,18.0,17.783197,18.3],"source":["meteo_concept","dark_sky","wunderground","api-agro","weatherbit"],"min":17.783197,"moy":18.212639,"max":19.0}