{"time":"2019-02-24-15","temperature":[16.0,15.0,16.484217,16.3,16.23],"source":["wunderground","meteo_concept","api-agro","weatherbit","dark_sky"],"min":15.0,"moy":16.002844,"max":16.484217}