{"time":"2019-03-01-16","temperature":[18.2,17.65,21.33,19.96,19.0,17.376917,18.0],"source":["weatherbit","infoclimat","open_weather_map","dark_sky","wunderground","api-agro","meteo_concept"],"min":17.376917,"moy":18.788132,"max":21.33}