{"time":"2019-02-28-12","temperature":[18.68,19.0,17.1,15.441553,19.0],"source":["dark_sky","meteo_concept","weatherbit","api-agro","wunderground"],"min":15.441553,"moy":17.84431,"max":19.0}