{"time":"2019-02-28-14","temperature":[22.0,22.0,22.88,23.1,20.571527],"source":["meteo_concept","wunderground","dark_sky","weatherbit","api-agro"],"min":20.571527,"moy":22.110306,"max":23.1}