{"time":"2019-02-27-15","temperature":[21.0,20.050653,20.92,20.6,22.0],"source":["wunderground","api-agro","dark_sky","weatherbit","meteo_concept"],"min":20.050653,"moy":20.914131,"max":22.0}