{"time":"2019-02-21-13","temperature":[13.32,12.4,11.347925,13.0,13.61,14.0,13.85],"source":["dark_sky","weatherbit","api-agro","wunderground","open_weather_map","meteo_concept","infoclimat"],"min":11.347925,"moy":13.0754175,"max":14.0}