{"time":"2019-02-26-14","temperature":[17.79574,19.0,19.31,19.6,20.0],"source":["api-agro","wunderground","dark_sky","weatherbit","meteo_concept"],"min":17.79574,"moy":19.141148,"max":20.0}