{"time":"2019-02-26-12","temperature":[16.4,15.02984,15.77,17.0,17.0],"source":["weatherbit","api-agro","dark_sky","wunderground","meteo_concept"],"min":15.02984,"moy":16.239967,"max":17.0}