{"time":"2019-03-03-11","temperature":[13.651819,14.0,14.0,15.0,15.1],"source":["api-agro","dark_sky","meteo_concept","wunderground","weatherbit"],"min":13.651819,"moy":14.350364,"max":15.1}