{"time":"2019-03-05-19","temperature":[12.903406,11.0,12.16,11.7,10.25,11.0,11.36],"source":["api-agro","wunderground","dark_sky","weatherbit","infoclimat","meteo_concept","open_weather_map"],"min":10.25,"moy":11.481915,"max":12.903406}