{"time":"2019-03-05-17","temperature":[14.6383915,16.0,15.89,15.4,15.0],"source":["api-agro","wunderground","dark_sky","weatherbit","meteo_concept"],"min":14.6383915,"moy":15.385678,"max":16.0}