{"time":"2019-02-27-19","temperature":[14.05,15.0,15.4552555,13.0,14.06,13.38,15.3],"source":["infoclimat","meteo_concept","api-agro","wunderground","dark_sky","open_weather_map","weatherbit"],"min":13.0,"moy":14.320751,"max":15.4552555}