{"time":"2019-02-25-17","temperature":[15.71,17.0,17.0,17.0,17.151545],"source":["dark_sky","weatherbit","meteo_concept","wunderground","api-agro"],"min":15.71,"moy":16.772308,"max":17.151545}