{"time":"2019-02-22-09","temperature":[11.02,11.6,12.0,10.69787,11.0],"source":["dark_sky","weatherbit","meteo_concept","api-agro","wunderground"],"min":10.69787,"moy":11.263574,"max":12.0}