{"time":"2019-02-26-19","temperature":[13.0,12.31,14.6,13.0,13.97,14.75,15.718775],"source":["wunderground","open_weather_map","weatherbit","meteo_concept","dark_sky","infoclimat","api-agro"],"min":12.31,"moy":13.906968,"max":15.718775}