{"time":"2019-02-26-20","temperature":[12.0,12.0,12.4,12.56,13.63183],"source":["wunderground","meteo_concept","weatherbit","dark_sky","api-agro"],"min":12.0,"moy":12.518366,"max":13.63183}