{"time":"2019-03-01-09","temperature":[11.43,12.143518,10.0,11.0,10.0],"source":["dark_sky","api-agro","weatherbit","wunderground","meteo_concept"],"min":10.0,"moy":10.914703,"max":12.143518}