{"time":"2019-02-21-15","temperature":[16.69,13.683435,15.0,15.0,14.3],"source":["dark_sky","api-agro","wunderground","meteo_concept","weatherbit"],"min":13.683435,"moy":14.934687,"max":16.69}