{"time":"2019-02-28-23","temperature":[12.0,13.37,12.7,12.0,11.72175],"source":["wunderground","dark_sky","weatherbit","meteo_concept","api-agro"],"min":11.72175,"moy":12.35835,"max":13.37}