{"time":"2019-02-24-17","temperature":[15.0,14.0,15.065119,14.66,14.0],"source":["weatherbit","meteo_concept","api-agro","dark_sky","wunderground"],"min":14.0,"moy":14.545024,"max":15.065119}