{"time":"2019-02-28-15","temperature":[23.76,24.0,22.0,21.47848,23.8],"source":["dark_sky","wunderground","meteo_concept","api-agro","weatherbit"],"min":21.47848,"moy":23.007696,"max":24.0}