{"time":"2019-02-28-23","temperature":[13.38,12.0,12.6,11.72175,12.0],"source":["dark_sky","meteo_concept","weatherbit","api-agro","wunderground"],"min":11.72175,"moy":12.34035,"max":13.38}