{"time":"2019-03-04-15","temperature":[15.1553135,17.51,15.0,16.9,17.0],"source":["api-agro","dark_sky","meteo_concept","weatherbit","wunderground"],"min":15.0,"moy":16.313063,"max":17.51}