{"time":"2019-03-01-17","temperature":[17.0,18.0,16.305109,18.0,18.94],"source":["meteo_concept","weatherbit","api-agro","wunderground","dark_sky"],"min":16.305109,"moy":17.649021,"max":18.94}