{"time":"2019-02-26-14","temperature":[19.52,18.610987,19.0,20.0,19.2],"source":["dark_sky","api-agro","wunderground","meteo_concept","weatherbit"],"min":18.610987,"moy":19.266197,"max":20.0}