{"time":"2019-03-04-08","temperature":[10.57,10.0,10.962091,10.0,10.5],"source":["dark_sky","wunderground","api-agro","meteo_concept","weatherbit"],"min":10.0,"moy":10.406418,"max":10.962091}