{"time":"2019-02-22-09","temperature":[11.49,12.0,12.7,11.174799,12.0],"source":["dark_sky","wunderground","weatherbit","api-agro","meteo_concept"],"min":11.174799,"moy":11.87296,"max":12.7}