{"time":"2019-03-02-18","temperature":[15.0,16.14,14.339136,15.0,15.8],"source":["wunderground","dark_sky","api-agro","meteo_concept","weatherbit"],"min":14.339136,"moy":15.255827,"max":16.14}