{"time":"2019-03-02-14","temperature":[18.77,18.0,17.0,19.0,16.949366],"source":["dark_sky","weatherbit","meteo_concept","wunderground","api-agro"],"min":16.949366,"moy":17.943872,"max":19.0}