{"time":"2019-03-02-15","temperature":[19.0,16.26974,18.1,18.41,17.0],"source":["wunderground","api-agro","weatherbit","dark_sky","meteo_concept"],"min":16.26974,"moy":17.755947,"max":19.0}