{"time":"2019-03-03-14","temperature":[17.0,18.0,18.49,17.9,16.616144],"source":["meteo_concept","wunderground","dark_sky","weatherbit","api-agro"],"min":16.616144,"moy":17.601229,"max":18.49}