{"time":"2019-02-21-14","temperature":[15.0,12.681879,15.81,15.0,13.7],"source":["wunderground","api-agro","dark_sky","meteo_concept","weatherbit"],"min":12.681879,"moy":14.438375,"max":15.81}