{"time":"2019-02-25-18","temperature":[15.2,14.0,13.91,16.52633,13.0],"source":["weatherbit","wunderground","dark_sky","api-agro","meteo_concept"],"min":13.0,"moy":14.527266,"max":16.52633}