{"time":"2019-02-21-14","temperature":[14.1,15.0,14.66,14.0,13.038507],"source":["weatherbit","meteo_concept","dark_sky","wunderground","api-agro"],"min":13.038507,"moy":14.159701,"max":15.0}