{"time":"2019-02-23-12","temperature":[14.400141,15.0,16.0,15.4,14.84],"source":["api-agro","wunderground","meteo_concept","weatherbit","dark_sky"],"min":14.400141,"moy":15.128028,"max":16.0}