{"time":"2019-03-05-17","temperature":[14.1383915,14.7,15.68,14.0,15.0],"source":["api-agro","weatherbit","dark_sky","meteo_concept","wunderground"],"min":14.0,"moy":14.703678,"max":15.68}