{"time":"2019-02-26-18","temperature":[16.0,18.0,15.0,16.21,18.307825],"source":["wunderground","weatherbit","meteo_concept","dark_sky","api-agro"],"min":15.0,"moy":16.703566,"max":18.307825}