{"time":"2019-02-20-15","temperature":[13.0,12.435724,14.0,15.54,13.3],"source":["meteo_concept","api-agro","wunderground","dark_sky","weatherbit"],"min":12.435724,"moy":13.655145,"max":15.54}