{"time":"2019-02-26-23","temperature":[11.0,10.8,9.83,11.294794,9.0],"source":["meteo_concept","weatherbit","dark_sky","api-agro","wunderground"],"min":9.0,"moy":10.384959,"max":11.294794}