{"time":"2019-02-23-14","temperature":[17.509851,18.0,18.0,18.83,18.2],"source":["api-agro","meteo_concept","wunderground","dark_sky","weatherbit"],"min":17.509851,"moy":18.10797,"max":18.83}