{"time":"2019-03-01-14","temperature":[18.9,18.0,19.44,19.0,17.775995],"source":["weatherbit","meteo_concept","dark_sky","wunderground","api-agro"],"min":17.775995,"moy":18.6232,"max":19.44}