{"time":"2019-03-02-16","temperature":[18.0,17.7,18.47,16.148432,18.0],"source":["wunderground","weatherbit","dark_sky","api-agro","meteo_concept"],"min":16.148432,"moy":17.663687,"max":18.47}