{"time":"2019-03-04-19","temperature":[13.0,11.807215,13.95,13.3,13.93,13.25,13.0],"source":["wunderground","api-agro","infoclimat","weatherbit","dark_sky","open_weather_map","meteo_concept"],"min":11.807215,"moy":13.176745,"max":13.95}