{"time":"2019-02-26-17","temperature":[19.5,19.0,19.0,18.71,19.603266],"source":["weatherbit","wunderground","meteo_concept","dark_sky","api-agro"],"min":18.71,"moy":19.162653,"max":19.603266}