{"time":"2019-02-26-15","temperature":[19.9,20.0,19.43783,20.0,20.29],"source":["weatherbit","wunderground","api-agro","meteo_concept","dark_sky"],"min":19.43783,"moy":19.925566,"max":20.29}