{"time":"2019-02-21-15","temperature":[15.0,15.34,14.7,15.0,13.860102],"source":["wunderground","dark_sky","weatherbit","meteo_concept","api-agro"],"min":13.860102,"moy":14.780021,"max":15.34}