{"time":"2019-02-21-12","temperature":[11.8,11.089441,12.0,12.13,12.0],"source":["weatherbit","api-agro","meteo_concept","dark_sky","wunderground"],"min":11.089441,"moy":11.803888,"max":12.13}