{"time":"2019-02-27-14","temperature":[20.7,21.58,19.892725,21.0,21.0],"source":["weatherbit","dark_sky","api-agro","wunderground","meteo_concept"],"min":19.892725,"moy":20.834545,"max":21.58}