{"time":"2019-03-02-16","temperature":[16.85,18.0,17.0,17.25,15.739344,17.5,18.34],"source":["infoclimat","wunderground","meteo_concept","open_weather_map","api-agro","weatherbit","dark_sky"],"min":15.739344,"moy":17.239906,"max":18.34}