{"time":"2019-03-02-15","temperature":[18.2,18.52,17.0,18.0,16.095362],"source":["weatherbit","dark_sky","meteo_concept","wunderground","api-agro"],"min":16.095362,"moy":17.563072,"max":18.52}