{"time":"2019-02-25-12","temperature":[13.77,15.0,13.649347,14.0,14.0],"source":["dark_sky","weatherbit","api-agro","meteo_concept","wunderground"],"min":13.649347,"moy":14.083869,"max":15.0}