{"time":"2019-03-05-10","temperature":[11.95,11.9,13.0,13.08,11.85,10.896585,11.0],"source":["infoclimat","weatherbit","wunderground","open_weather_map","dark_sky","api-agro","meteo_concept"],"min":10.896585,"moy":11.953798,"max":13.08}