{"time":"2019-03-04-16","temperature":[17.05,16.6,16.36,16.0,14.913431,15.55,16.0],"source":["dark_sky","weatherbit","open_weather_map","meteo_concept","api-agro","infoclimat","wunderground"],"min":14.913431,"moy":16.067633,"max":17.05}