{"time":"2019-03-04-12","temperature":[14.248011,16.5,15.0,16.13,16.0],"source":["api-agro","weatherbit","meteo_concept","dark_sky","wunderground"],"min":14.248011,"moy":15.575603,"max":16.5}