{"time":"2019-03-03-17","temperature":[16.0,16.86,15.0,15.801203,16.0],"source":["wunderground","dark_sky","meteo_concept","api-agro","weatherbit"],"min":15.0,"moy":15.9322405,"max":16.86}