{"time":"2019-03-02-20","temperature":[13.0,13.3,13.0,13.35,12.890757],"source":["meteo_concept","weatherbit","wunderground","dark_sky","api-agro"],"min":12.890757,"moy":13.108151,"max":13.35}