{"time":"2019-02-26-23","temperature":[11.0,11.294794,10.7,9.0,9.94],"source":["meteo_concept","api-agro","weatherbit","wunderground","dark_sky"],"min":9.0,"moy":10.386959,"max":11.294794}