{"time":"2019-02-28-20","temperature":[15.0,14.723276,15.0,14.9,15.94],"source":["meteo_concept","api-agro","wunderground","weatherbit","dark_sky"],"min":14.723276,"moy":15.112656,"max":15.94}