{"time":"2019-02-28-14","temperature":[23.03,23.1,23.0,22.0,20.949091],"source":["dark_sky","weatherbit","wunderground","meteo_concept","api-agro"],"min":20.949091,"moy":22.415817,"max":23.1}