{"time":"2019-03-02-10","temperature":[12.2,10.570459,12.0,11.51,12.0],"source":["weatherbit","api-agro","wunderground","dark_sky","meteo_concept"],"min":10.570459,"moy":11.656092,"max":12.2}