{"time":"2019-02-28-11","temperature":[13.3,16.1,11.703058,16.0,16.0],"source":["weatherbit","dark_sky","api-agro","meteo_concept","wunderground"],"min":11.703058,"moy":14.620611,"max":16.1}