{"time":"2019-02-26-15","temperature":[18.800348,20.0,20.7,20.0,20.0],"source":["api-agro","wunderground","weatherbit","dark_sky","meteo_concept"],"min":18.800348,"moy":19.90007,"max":20.7}