{"time":"2019-02-24-21","temperature":[9.76,9.7,10.4630375,10.0,9.0],"source":["dark_sky","weatherbit","api-agro","wunderground","meteo_concept"],"min":9.0,"moy":9.784608,"max":10.4630375}