{"time":"2019-02-23-09","temperature":[11.2,10.553003,11.0,11.0,10.61],"source":["weatherbit","api-agro","meteo_concept","wunderground","dark_sky"],"min":10.553003,"moy":10.872601,"max":11.2}