{"time":"2019-02-28-20","temperature":[14.8,16.0,14.723276,15.0,16.32],"source":["weatherbit","wunderground","api-agro","meteo_concept","dark_sky"],"min":14.723276,"moy":15.368655,"max":16.32}