{"time":"2019-03-04-14","temperature":[18.0,13.932016,16.6,17.87,15.0],"source":["wunderground","api-agro","weatherbit","dark_sky","meteo_concept"],"min":13.932016,"moy":16.280403,"max":18.0}