{"time":"2019-02-24-20","temperature":[10.0,10.23,10.3,10.0,10.880487],"source":["meteo_concept","dark_sky","weatherbit","wunderground","api-agro"],"min":10.0,"moy":10.282098,"max":10.880487}