{"time":"2019-02-27-19","temperature":[13.26,14.5,15.3458805,13.0,14.53,14.65,12.0],"source":["open_weather_map","weatherbit","api-agro","wunderground","dark_sky","infoclimat","meteo_concept"],"min":12.0,"moy":13.897983,"max":15.3458805}