{"time":"2019-02-28-22","temperature":[14.07,12.9,13.0,13.0,14.65,13.58,12.580103],"source":["dark_sky","weatherbit","wunderground","meteo_concept","infoclimat","open_weather_map","api-agro"],"min":12.580103,"moy":13.397158,"max":14.65}