{"time":"2019-03-05-11","temperature":[13.14,12.0,14.0,13.7,11.9517765],"source":["dark_sky","meteo_concept","wunderground","weatherbit","api-agro"],"min":11.9517765,"moy":12.958355,"max":14.0}