{"time":"2019-02-24-18","temperature":[12.77,13.494471,12.0,13.0,12.0],"source":["dark_sky","api-agro","wunderground","weatherbit","meteo_concept"],"min":12.0,"moy":12.652894,"max":13.494471}