{"time":"2019-02-20-16","temperature":[14.73,12.65,14.0,13.0,12.478907,13.2,16.26],"source":["dark_sky","infoclimat","wunderground","meteo_concept","api-agro","weatherbit","open_weather_map"],"min":12.478907,"moy":13.759844,"max":16.26}