{"time":"2019-03-02-17","temperature":[15.24386,17.1,16.0,17.67,17.0],"source":["api-agro","weatherbit","meteo_concept","dark_sky","wunderground"],"min":15.24386,"moy":16.602772,"max":17.67}