{"time":"2019-03-01-15","temperature":[18.0,19.0,20.27,18.8,17.494562],"source":["meteo_concept","wunderground","dark_sky","weatherbit","api-agro"],"min":17.494562,"moy":18.712912,"max":20.27}