{"time":"2019-02-28-00","temperature":[9.0,10.42,8.2,6.7140136,8.0],"source":["meteo_concept","dark_sky","weatherbit","api-agro","wunderground"],"min":6.7140136,"moy":8.466803,"max":10.42}