{"time":"2019-03-03-15","temperature":[17.0,18.0,17.2,15.255854,19.29],"source":["meteo_concept","wunderground","weatherbit","api-agro","dark_sky"],"min":15.255854,"moy":17.34917,"max":19.29}