{"time":"2019-02-26-11","temperature":[14.14,15.0,13.8658695,15.0,15.2],"source":["dark_sky","meteo_concept","api-agro","wunderground","weatherbit"],"min":13.8658695,"moy":14.641174,"max":15.2}