{"time":"2019-03-06-19","temperature":[14.35,14.0,12.572596,15.32,12.8,14.28,14.0],"source":["infoclimat","wunderground","api-agro","dark_sky","weatherbit","open_weather_map","meteo_concept"],"min":12.572596,"moy":13.903228,"max":15.32}