{"time":"2019-02-26-12","temperature":[17.0,15.566462,15.92,17.0,16.8],"source":["meteo_concept","api-agro","dark_sky","wunderground","weatherbit"],"min":15.566462,"moy":16.457293,"max":17.0}