{"time":"2019-02-24-09","temperature":[10.0,9.343134,10.91,11.0,9.8],"source":["meteo_concept","api-agro","dark_sky","wunderground","weatherbit"],"min":9.343134,"moy":10.210627,"max":11.0}