{"time":"2019-02-24-17","temperature":[14.0,14.63,14.0,14.5,15.053247],"source":["wunderground","dark_sky","meteo_concept","weatherbit","api-agro"],"min":14.0,"moy":14.436649,"max":15.053247}