{"time":"2019-03-05-10","temperature":[11.0,11.94,12.0,12.35,11.75,10.644312,11.9],"source":["meteo_concept","dark_sky","wunderground","open_weather_map","infoclimat","api-agro","weatherbit"],"min":10.644312,"moy":11.6549015,"max":12.35}