{"time":"2019-02-26-11","temperature":[16.0,15.0,15.2,14.51,13.8658695],"source":["meteo_concept","wunderground","weatherbit","dark_sky","api-agro"],"min":13.8658695,"moy":14.915174,"max":16.0}