{"time":"2019-03-04-13","temperature":[13.974833,17.21,15.85,17.0,17.1,16.97,17.0],"source":["api-agro","dark_sky","infoclimat","meteo_concept","weatherbit","open_weather_map","wunderground"],"min":13.974833,"moy":16.443548,"max":17.21}