{"time":"2019-02-25-19","temperature":[10.73,12.0,13.05,12.7,14.463282,12.04,11.0],"source":["open_weather_map","wunderground","infoclimat","weatherbit","api-agro","dark_sky","meteo_concept"],"min":10.73,"moy":12.283326,"max":14.463282}