{"time":"2019-02-25-11","temperature":[11.895624,13.0,12.0,12.0,11.76],"source":["api-agro","weatherbit","meteo_concept","wunderground","dark_sky"],"min":11.76,"moy":12.1311245,"max":13.0}