{"time":"2019-03-01-17","temperature":[17.0,18.3,18.0,16.97674,19.02],"source":["meteo_concept","weatherbit","wunderground","api-agro","dark_sky"],"min":16.97674,"moy":17.859348,"max":19.02}