{"time":"2019-02-27-15","temperature":[20.452997,22.0,21.4,21.0,21.15],"source":["api-agro","meteo_concept","weatherbit","wunderground","dark_sky"],"min":20.452997,"moy":21.2006,"max":22.0}