{"time":"2019-02-23-05","temperature":[9.0,9.0,10.1,8.43,10.220606],"source":["wunderground","meteo_concept","weatherbit","dark_sky","api-agro"],"min":8.43,"moy":9.3501215,"max":10.220606}