{"time":"2019-03-02-18","temperature":[15.0,15.8,15.0,14.677103,15.4],"source":["meteo_concept","dark_sky","wunderground","api-agro","weatherbit"],"min":14.677103,"moy":15.175421,"max":15.8}