{"time":"2019-03-02-13","temperature":[18.3,16.0,16.0,17.28,15.970819],"source":["weatherbit","meteo_concept","wunderground","dark_sky","api-agro"],"min":15.970819,"moy":16.710163,"max":18.3}