{"time":"2019-02-26-21","temperature":[11.0,12.0,11.5,12.095667,11.48],"source":["wunderground","meteo_concept","weatherbit","api-agro","dark_sky"],"min":11.0,"moy":11.615133,"max":12.095667}