{"time":"2019-02-21-17","temperature":[14.0,14.27,14.0,13.2,14.351099],"source":["meteo_concept","dark_sky","wunderground","weatherbit","api-agro"],"min":13.2,"moy":13.96422,"max":14.351099}