{"time":"2019-02-20-14","temperature":[15.72,13.0,13.0,14.0,11.447107],"source":["dark_sky","meteo_concept","weatherbit","wunderground","api-agro"],"min":11.447107,"moy":13.433421,"max":15.72}