{"time":"2019-02-25-11","temperature":[12.0,12.0,11.895624,13.0,11.98],"source":["meteo_concept","wunderground","api-agro","weatherbit","dark_sky"],"min":11.895624,"moy":12.175125,"max":13.0}