{"time":"2019-02-21-18","temperature":[12.0,12.0,12.18,11.0,12.740152],"source":["meteo_concept","wunderground","dark_sky","weatherbit","api-agro"],"min":11.0,"moy":11.984031,"max":12.740152}