{"time":"2019-03-04-10","temperature":[11.8128605,13.0,12.9,13.35,12.01,12.46,12.0],"source":["api-agro","wunderground","weatherbit","infoclimat","open_weather_map","dark_sky","meteo_concept"],"min":11.8128605,"moy":12.504694,"max":13.35}