{"time":"2019-02-26-12","temperature":[17.0,16.9,16.43,15.566462,18.0],"source":["wunderground","weatherbit","dark_sky","api-agro","meteo_concept"],"min":15.566462,"moy":16.779293,"max":18.0}