{"time":"2019-02-22-14","temperature":[19.18,19.0,19.1,18.622278,19.0],"source":["dark_sky","wunderground","weatherbit","api-agro","meteo_concept"],"min":18.622278,"moy":18.980455,"max":19.18}