{"time":"2019-02-26-09","temperature":[10.47,8.982569,11.0,9.3,12.0],"source":["dark_sky","api-agro","wunderground","weatherbit","meteo_concept"],"min":8.982569,"moy":10.350513,"max":12.0}