{"time":"2019-03-04-11","temperature":[13.017786,14.8,14.0,14.0,14.32],"source":["api-agro","weatherbit","meteo_concept","wunderground","dark_sky"],"min":13.017786,"moy":14.027557,"max":14.8}