{"time":"2019-03-03-14","temperature":[19.28,17.6,17.0,18.0,15.25738],"source":["dark_sky","weatherbit","meteo_concept","wunderground","api-agro"],"min":15.25738,"moy":17.427477,"max":19.28}