{"time":"2019-02-26-14","temperature":[18.099451,20.0,19.0,19.9,19.32],"source":["api-agro","meteo_concept","wunderground","weatherbit","dark_sky"],"min":18.099451,"moy":19.26389,"max":20.0}