{"time":"2019-02-21-12","temperature":[11.0,10.191248,13.0,12.0,12.01],"source":["weatherbit","api-agro","meteo_concept","wunderground","dark_sky"],"min":10.191248,"moy":11.640249,"max":13.0}