{"time":"2019-03-04-23","temperature":[9.860437,11.01,11.3,10.0,10.0],"source":["api-agro","dark_sky","weatherbit","wunderground","meteo_concept"],"min":9.860437,"moy":10.434088,"max":11.3}