{"time":"2019-03-04-09","temperature":[11.22,12.0,11.7,11.0,10.600275],"source":["dark_sky","wunderground","weatherbit","meteo_concept","api-agro"],"min":10.600275,"moy":11.304055,"max":12.0}