{"time":"2019-03-04-15","temperature":[16.7,15.0,14.808786,17.45,17.0],"source":["weatherbit","meteo_concept","api-agro","dark_sky","wunderground"],"min":14.808786,"moy":16.191757,"max":17.45}