{"time":"2019-02-23-03","temperature":[11.0,10.0,11.117838,9.83,10.0],"source":["weatherbit","wunderground","api-agro","dark_sky","meteo_concept"],"min":9.83,"moy":10.389567,"max":11.117838}