{"time":"2019-03-01-16","temperature":[20.07,17.55,18.5,18.0,17.218714,21.44,19.0],"source":["dark_sky","infoclimat","weatherbit","meteo_concept","api-agro","open_weather_map","wunderground"],"min":17.218714,"moy":18.825531,"max":21.44}