{"time":"2019-02-28-12","temperature":[17.1,18.99,15.401514,19.0,19.0],"source":["weatherbit","dark_sky","api-agro","meteo_concept","wunderground"],"min":15.401514,"moy":17.898302,"max":19.0}