{"time":"2019-03-01-21","temperature":[11.1987705,10.8,10.0,12.0,12.03],"source":["api-agro","weatherbit","meteo_concept","wunderground","dark_sky"],"min":10.0,"moy":11.205754,"max":12.03}