{"time":"2019-03-04-10","temperature":[11.598536,13.2,13.0,12.0,13.65,11.72,12.52],"source":["api-agro","weatherbit","wunderground","meteo_concept","infoclimat","open_weather_map","dark_sky"],"min":11.598536,"moy":12.526934,"max":13.65}