{"time":"2019-02-24-10","temperature":[11.0,11.0,11.31,11.2,10.904108],"source":["meteo_concept","wunderground","dark_sky","weatherbit","api-agro"],"min":10.904108,"moy":11.082822,"max":11.31}