{"time":"2019-02-26-21","temperature":[11.5,12.32,12.095667,12.0,11.0],"source":["weatherbit","dark_sky","api-agro","meteo_concept","wunderground"],"min":11.0,"moy":11.7831335,"max":12.32}