{"time":"2019-02-27-18","temperature":[17.9,18.985498,16.0,16.49,16.0],"source":["weatherbit","api-agro","meteo_concept","dark_sky","wunderground"],"min":16.0,"moy":17.0751,"max":18.985498}