{"time":"2019-02-24-17","temperature":[14.73,14.0,15.0,15.12356,14.6],"source":["dark_sky","wunderground","meteo_concept","api-agro","weatherbit"],"min":14.0,"moy":14.690712,"max":15.12356}