{"time":"2019-02-23-14","temperature":[18.0,18.1,18.0,17.49911,19.07],"source":["meteo_concept","weatherbit","wunderground","api-agro","dark_sky"],"min":17.49911,"moy":18.133821,"max":19.07}