{"time":"2019-03-03-12","temperature":[16.26,16.0,14.736628,16.8,15.0],"source":["dark_sky","wunderground","api-agro","weatherbit","meteo_concept"],"min":14.736628,"moy":15.759326,"max":16.8}