{"time":"2019-02-21-12","temperature":[11.3,10.101404,12.14,12.0,13.0],"source":["weatherbit","api-agro","dark_sky","wunderground","meteo_concept"],"min":10.101404,"moy":11.708281,"max":13.0}