{"time":"2019-02-26-14","temperature":[18.701807,20.0,19.2,19.0,19.96],"source":["api-agro","meteo_concept","weatherbit","wunderground","dark_sky"],"min":18.701807,"moy":19.372362,"max":20.0}