{"time":"2019-02-26-19","temperature":[13.75,15.2,12.31,14.09,15.701197,13.0,13.0],"source":["infoclimat","weatherbit","open_weather_map","dark_sky","api-agro","wunderground","meteo_concept"],"min":12.31,"moy":13.864457,"max":15.701197}