{"time":"2019-02-23-12","temperature":[16.0,14.56518,15.2,14.89,15.0],"source":["meteo_concept","api-agro","weatherbit","dark_sky","wunderground"],"min":14.56518,"moy":15.131036,"max":16.0}