{"time":"2019-02-20-14","temperature":[13.0,14.0,15.94,11.455896,12.9],"source":["meteo_concept","wunderground","dark_sky","api-agro","weatherbit"],"min":11.455896,"moy":13.459179,"max":15.94}