{"time":"2019-03-04-21","temperature":[10.904703,12.19,11.6,11.0,11.0],"source":["api-agro","dark_sky","weatherbit","wunderground","meteo_concept"],"min":10.904703,"moy":11.338941,"max":12.19}