{"time":"2019-03-04-08","temperature":[10.73,10.0,10.3,10.0,10.97381],"source":["dark_sky","meteo_concept","weatherbit","wunderground","api-agro"],"min":10.0,"moy":10.400762,"max":10.97381}