{"time":"2019-03-03-14","temperature":[18.1,18.77,17.0,16.991144,18.0],"source":["weatherbit","dark_sky","meteo_concept","api-agro","wunderground"],"min":16.991144,"moy":17.772228,"max":18.77}