{"time":"2019-03-05-13","temperature":[14.78,14.334436,16.06,15.0,15.4,16.0,14.45],"source":["dark_sky","api-agro","open_weather_map","meteo_concept","weatherbit","wunderground","infoclimat"],"min":14.334436,"moy":15.146348,"max":16.06}