{"time":"2019-02-22-23","temperature":[13.7,14.112879,13.76,13.0,13.0],"source":["weatherbit","api-agro","dark_sky","meteo_concept","wunderground"],"min":13.0,"moy":13.514576,"max":14.112879}