{"time":"2019-02-28-15","temperature":[23.75,23.7,21.19961,23.0,22.0],"source":["dark_sky","weatherbit","api-agro","wunderground","meteo_concept"],"min":21.19961,"moy":22.729921,"max":23.75}