{"time":"2019-02-20-16","temperature":[13.0,14.0,14.62,13.0,16.26,13.65,12.380274],"source":["weatherbit","wunderground","dark_sky","meteo_concept","open_weather_map","infoclimat","api-agro"],"min":12.380274,"moy":13.844325,"max":16.26}