{"time":"2019-02-21-13","temperature":[14.01,13.61,11.831324,13.85,13.1,13.0,14.0],"source":["dark_sky","open_weather_map","api-agro","infoclimat","weatherbit","wunderground","meteo_concept"],"min":11.831324,"moy":13.343046,"max":14.01}