{"time":"2019-02-26-13","temperature":[18.0,18.9,19.41,19.0,17.95,18.42,17.057825],"source":["wunderground","weatherbit","open_weather_map","meteo_concept","infoclimat","dark_sky","api-agro"],"min":17.057825,"moy":18.391117,"max":19.41}