{"time":"2019-03-03-19","temperature":[12.0,13.3571415,12.35,13.0,12.0,12.81,10.85],"source":["weatherbit","api-agro","dark_sky","meteo_concept","wunderground","open_weather_map","infoclimat"],"min":10.85,"moy":12.338163,"max":13.3571415}