{"time":"2019-02-28-12","temperature":[14.763819,19.0,17.8,19.59,19.0],"source":["api-agro","wunderground","weatherbit","dark_sky","meteo_concept"],"min":14.763819,"moy":18.030764,"max":19.59}