{"time":"2019-02-21-16","temperature":[15.0,18.13,16.42,15.0,15.95,14.3,14.226618],"source":["wunderground","open_weather_map","dark_sky","meteo_concept","infoclimat","weatherbit","api-agro"],"min":14.226618,"moy":15.575232,"max":18.13}