{"time":"2019-03-02-14","temperature":[17.0,17.8,18.95,16.824366,19.0],"source":["meteo_concept","weatherbit","dark_sky","api-agro","wunderground"],"min":16.824366,"moy":17.914873,"max":19.0}