{"time":"2019-03-03-13","temperature":[17.92,17.0,16.15,15.852106,19.61,17.7,16.0],"source":["dark_sky","wunderground","infoclimat","api-agro","open_weather_map","weatherbit","meteo_concept"],"min":15.852106,"moy":17.176016,"max":19.61}