{"time":"2019-02-28-16","temperature":[23.1,23.57,21.244287,23.0,22.0],"source":["weatherbit","dark_sky","api-agro","wunderground","meteo_concept"],"min":21.244287,"moy":22.582857,"max":23.57}