{"time":"2019-03-02-17","temperature":[17.0,17.0,16.7,15.236048,17.95],"source":["meteo_concept","wunderground","weatherbit","api-agro","dark_sky"],"min":15.236048,"moy":16.77721,"max":17.95}