{"time":"2019-02-22-09","temperature":[10.9,10.82,13.0,10.444941,11.0],"source":["weatherbit","dark_sky","meteo_concept","api-agro","wunderground"],"min":10.444941,"moy":11.232988,"max":13.0}