{"time":"2019-02-21-14","temperature":[15.0,14.84,13.034601,14.2,14.0],"source":["meteo_concept","dark_sky","api-agro","weatherbit","wunderground"],"min":13.034601,"moy":14.21492,"max":15.0}