{"time":"2019-03-04-14","temperature":[18.04,13.89686,18.0,15.0,16.5],"source":["dark_sky","api-agro","wunderground","meteo_concept","weatherbit"],"min":13.89686,"moy":16.287373,"max":18.04}