{"time":"2019-03-03-18","temperature":[14.5,15.079981,13.0,14.0,14.69],"source":["weatherbit","api-agro","meteo_concept","wunderground","dark_sky"],"min":13.0,"moy":14.253996,"max":15.079981}