{"time":"2019-03-02-15","temperature":[18.54,19.0,17.7,16.137903,18.0],"source":["dark_sky","wunderground","weatherbit","api-agro","meteo_concept"],"min":16.137903,"moy":17.87558,"max":19.0}