{"time":"2019-03-02-16","temperature":[18.0,17.05,17.0,15.753992,18.51,18.26,17.0],"source":["wunderground","infoclimat","meteo_concept","api-agro","dark_sky","open_weather_map","weatherbit"],"min":15.753992,"moy":17.367714,"max":18.51}