{"time":"2019-03-04-15","temperature":[17.53,17.0,15.0,16.6,14.817575],"source":["dark_sky","wunderground","meteo_concept","weatherbit","api-agro"],"min":14.817575,"moy":16.189514,"max":17.53}