{"time":"2019-02-23-09","temperature":[10.6,11.2,10.5324955,11.0,11.0],"source":["dark_sky","weatherbit","api-agro","meteo_concept","wunderground"],"min":10.5324955,"moy":10.866499,"max":11.2}