{"time":"2019-02-26-18","temperature":[16.0,18.248255,17.5,16.39,16.0],"source":["meteo_concept","api-agro","weatherbit","dark_sky","wunderground"],"min":16.0,"moy":16.82765,"max":18.248255}