{"time":"2019-02-23-00","temperature":[13.283411,13.2,13.0,12.76,12.0],"source":["api-agro","weatherbit","meteo_concept","dark_sky","wunderground"],"min":12.0,"moy":12.848682,"max":13.283411}