{"time":"2019-03-04-09","temperature":[11.21,12.0,11.3,11.0,10.773127],"source":["dark_sky","wunderground","weatherbit","meteo_concept","api-agro"],"min":10.773127,"moy":11.256625,"max":12.0}