{"time":"2019-03-03-11","temperature":[14.0,15.2,14.0,14.29,13.382288],"source":["wunderground","weatherbit","meteo_concept","dark_sky","api-agro"],"min":13.382288,"moy":14.174458,"max":15.2}