{"time":"2019-02-22-09","temperature":[12.2,10.79101,12.0,11.38,12.0],"source":["weatherbit","api-agro","wunderground","dark_sky","meteo_concept"],"min":10.79101,"moy":11.674202,"max":12.2}