{"time":"2019-03-04-12","temperature":[16.11,16.2,16.0,15.0,14.852503],"source":["dark_sky","weatherbit","wunderground","meteo_concept","api-agro"],"min":14.852503,"moy":15.632501,"max":16.2}