{"time":"2019-02-24-18","temperature":[12.0,13.524744,12.8,12.0,12.81],"source":["meteo_concept","api-agro","weatherbit","wunderground","dark_sky"],"min":12.0,"moy":12.626948,"max":13.524744}