{"time":"2019-03-01-17","temperature":[19.09,17.0,18.0,18.0,16.29925],"source":["dark_sky","meteo_concept","wunderground","weatherbit","api-agro"],"min":16.29925,"moy":17.67785,"max":19.09}