{"time":"2019-02-28-17","temperature":[19.609583,21.93,20.9,20.0,21.0],"source":["api-agro","dark_sky","weatherbit","meteo_concept","wunderground"],"min":19.609583,"moy":20.687916,"max":21.93}