{"time":"2019-02-23-03","temperature":[10.0,11.0,10.0,9.9,11.247721],"source":["meteo_concept","weatherbit","wunderground","dark_sky","api-agro"],"min":9.9,"moy":10.429544,"max":11.247721}