{"time":"2019-03-02-16","temperature":[17.65,18.58,16.27,17.6,16.139643,18.0,18.0],"source":["infoclimat","dark_sky","open_weather_map","weatherbit","api-agro","meteo_concept","wunderground"],"min":16.139643,"moy":17.462807,"max":18.58}