{"time":"2019-03-05-09","temperature":[10.96,9.886713,11.0,10.0,10.0],"source":["dark_sky","api-agro","wunderground","meteo_concept","weatherbit"],"min":9.886713,"moy":10.369343,"max":11.0}