{"time":"2019-03-01-14","temperature":[17.69494,18.7,19.56,18.0,19.0],"source":["api-agro","weatherbit","dark_sky","meteo_concept","wunderground"],"min":17.69494,"moy":18.590988,"max":19.56}