{"time":"2019-03-02-17","temperature":[17.0,16.0,15.446894,17.15,17.0],"source":["meteo_concept","weatherbit","api-agro","dark_sky","wunderground"],"min":15.446894,"moy":16.519379,"max":17.15}