{"time":"2019-02-26-19","temperature":[13.0,13.65,15.0,13.99,13.0,12.05,15.016199],"source":["wunderground","infoclimat","weatherbit","dark_sky","meteo_concept","open_weather_map","api-agro"],"min":12.05,"moy":13.672314,"max":15.016199}