{"time":"2019-02-26-18","temperature":[16.0,15.84,17.7,16.0,18.396143],"source":["wunderground","dark_sky","weatherbit","meteo_concept","api-agro"],"min":15.84,"moy":16.78723,"max":18.396143}