{"time":"2019-02-21-14","temperature":[15.0,15.0,16.02,12.8840275,13.9],"source":["meteo_concept","wunderground","dark_sky","api-agro","weatherbit"],"min":12.8840275,"moy":14.560805,"max":16.02}