{"time":"2019-02-28-15","temperature":[23.5,21.464808,24.0,22.0,24.06],"source":["weatherbit","api-agro","wunderground","meteo_concept","dark_sky"],"min":21.464808,"moy":23.004961,"max":24.06}