{"time":"2019-02-26-14","temperature":[18.137537,20.0,19.0,20.0,19.69],"source":["api-agro","meteo_concept","wunderground","weatherbit","dark_sky"],"min":18.137537,"moy":19.365507,"max":20.0}