{"time":"2019-02-21-15","temperature":[14.8,15.0,15.41,14.073969,15.0],"source":["weatherbit","wunderground","dark_sky","api-agro","meteo_concept"],"min":14.073969,"moy":14.856793,"max":15.41}