{"time":"2019-02-21-17","temperature":[14.41,13.6,14.0,14.475122,14.0],"source":["dark_sky","weatherbit","wunderground","api-agro","meteo_concept"],"min":13.6,"moy":14.097024,"max":14.475122}