{"time":"2019-02-26-11","temperature":[13.813623,16.0,15.0,15.5,14.67],"source":["api-agro","meteo_concept","wunderground","weatherbit","dark_sky"],"min":13.813623,"moy":14.996724,"max":16.0}