{"time":"2019-03-02-18","temperature":[14.370386,16.31,15.4,15.0,15.0],"source":["api-agro","dark_sky","weatherbit","wunderground","meteo_concept"],"min":14.370386,"moy":15.216077,"max":16.31}