{"time":"2019-02-20-15","temperature":[13.2,15.61,13.0,15.0,12.176935],"source":["weatherbit","dark_sky","meteo_concept","wunderground","api-agro"],"min":12.176935,"moy":13.797387,"max":15.61}