{"time":"2019-02-25-17","temperature":[16.09,17.1,17.173029,16.0,16.0],"source":["dark_sky","weatherbit","api-agro","meteo_concept","wunderground"],"min":16.0,"moy":16.472607,"max":17.173029}