{"time":"2019-03-01-09","temperature":[12.195276,11.28,11.0,9.7,10.0],"source":["api-agro","dark_sky","wunderground","weatherbit","meteo_concept"],"min":9.7,"moy":10.835055,"max":12.195276}