{"time":"2019-02-21-18","temperature":[11.3,12.70109,12.27,12.0,12.0],"source":["weatherbit","api-agro","dark_sky","wunderground","meteo_concept"],"min":11.3,"moy":12.054218,"max":12.70109}