{"time":"2019-03-01-16","temperature":[19.0,17.65,20.12,21.44,18.0,18.5,17.180628],"source":["wunderground","infoclimat","dark_sky","open_weather_map","meteo_concept","weatherbit","api-agro"],"min":17.180628,"moy":18.841518,"max":21.44}