{"time":"2019-02-28-11","temperature":[16.0,14.2,16.31,11.115168,15.0],"source":["meteo_concept","weatherbit","dark_sky","api-agro","wunderground"],"min":11.115168,"moy":14.525034,"max":16.31}