{"time":"2019-02-25-12","temperature":[13.83,14.0,15.0,14.0,13.691828],"source":["dark_sky","meteo_concept","weatherbit","wunderground","api-agro"],"min":13.691828,"moy":14.104365,"max":15.0}