{"time":"2019-03-02-10","temperature":[10.85,12.0,12.74,12.2,10.417139,11.47,12.0],"source":["infoclimat","wunderground","open_weather_map","weatherbit","api-agro","dark_sky","meteo_concept"],"min":10.417139,"moy":11.668162,"max":12.74}