{"time":"2019-03-02-18","temperature":[15.0,14.732767,15.0,15.9,15.0],"source":["wunderground","api-agro","meteo_concept","dark_sky","weatherbit"],"min":14.732767,"moy":15.126554,"max":15.9}