{"time":"2019-02-25-18","temperature":[14.0,15.1,14.0,13.93,16.598597],"source":["wunderground","weatherbit","meteo_concept","dark_sky","api-agro"],"min":13.93,"moy":14.725719,"max":16.598597}