{"time":"2019-02-28-11","temperature":[14.1,11.115168,16.23,16.0,16.0],"source":["weatherbit","api-agro","dark_sky","meteo_concept","wunderground"],"min":11.115168,"moy":14.6890335,"max":16.23}