{"time":"2019-02-25-20","temperature":[10.0,10.9,12.12,11.0,11.6531925],"source":["meteo_concept","weatherbit","dark_sky","wunderground","api-agro"],"min":10.0,"moy":11.134639,"max":12.12}