{"time":"2019-03-04-11","temperature":[13.004114,14.7,14.0,14.31,14.0],"source":["api-agro","weatherbit","wunderground","dark_sky","meteo_concept"],"min":13.004114,"moy":14.002823,"max":14.7}