{"time":"2019-03-05-10","temperature":[12.0,10.654078,12.35,12.0,10.75,11.99,11.0],"source":["wunderground","api-agro","open_weather_map","weatherbit","infoclimat","dark_sky","meteo_concept"],"min":10.654078,"moy":11.534868,"max":12.35}