{"time":"2019-02-28-14","temperature":[23.9,23.3,20.73559,22.0,22.0],"source":["weatherbit","dark_sky","api-agro","wunderground","meteo_concept"],"min":20.73559,"moy":22.387117,"max":23.9}