{"time":"2019-02-26-12","temperature":[17.0,16.66,17.2,18.0,15.730036],"source":["wunderground","dark_sky","weatherbit","meteo_concept","api-agro"],"min":15.730036,"moy":16.918007,"max":18.0}