{"time":"2019-03-01-17","temperature":[17.0,18.2,19.15,16.952326,18.0],"source":["meteo_concept","weatherbit","dark_sky","api-agro","wunderground"],"min":16.952326,"moy":17.860466,"max":19.15}