{"time":"2019-03-02-15","temperature":[17.8,18.0,18.8,16.103174,18.0],"source":["weatherbit","wunderground","dark_sky","api-agro","meteo_concept"],"min":16.103174,"moy":17.740635,"max":18.8}