{"time":"2019-02-24-20","temperature":[10.17,9.8,10.0,10.0,10.782831],"source":["dark_sky","weatherbit","meteo_concept","wunderground","api-agro"],"min":9.8,"moy":10.150566,"max":10.782831}