{"time":"2019-03-05-18","temperature":[14.12,13.3,13.0,13.3215885,13.0],"source":["dark_sky","weatherbit","meteo_concept","api-agro","wunderground"],"min":13.0,"moy":13.348318,"max":14.12}