{"time":"2019-03-04-13","temperature":[14.824808,15.0,18.03,15.35,17.0,17.25,17.8],"source":["api-agro","meteo_concept","open_weather_map","infoclimat","wunderground","dark_sky","weatherbit"],"min":14.824808,"moy":16.464973,"max":18.03}