{"time":"2019-03-03-13","temperature":[17.0,17.42,16.35,17.8,15.852106,17.0,17.89],"source":["meteo_concept","dark_sky","infoclimat","weatherbit","api-agro","wunderground","open_weather_map"],"min":15.852106,"moy":17.044586,"max":17.89}