{"time":"2019-03-01-15","temperature":[18.7,17.389093,20.31,18.0,19.0],"source":["weatherbit","api-agro","dark_sky","meteo_concept","wunderground"],"min":17.389093,"moy":18.67982,"max":20.31}