{"time":"2019-02-28-14","temperature":[20.931513,22.0,23.58,23.0,23.3],"source":["api-agro","meteo_concept","dark_sky","wunderground","weatherbit"],"min":20.931513,"moy":22.562304,"max":23.58}