{"time":"2019-02-26-15","temperature":[20.0,20.39,20.6,18.821833,21.0],"source":["wunderground","dark_sky","weatherbit","api-agro","meteo_concept"],"min":18.821833,"moy":20.162367,"max":21.0}