{"time":"2019-03-03-15","temperature":[15.645502,17.0,17.5,19.63,19.0],"source":["api-agro","meteo_concept","weatherbit","dark_sky","wunderground"],"min":15.645502,"moy":17.7551,"max":19.63}