{"time":"2019-02-21-15","temperature":[14.4,15.0,16.81,13.64242,15.0],"source":["weatherbit","meteo_concept","dark_sky","api-agro","wunderground"],"min":13.64242,"moy":14.970484,"max":16.81}