{"time":"2019-03-02-14","temperature":[18.24,18.1,17.0,16.437708,17.0],"source":["dark_sky","weatherbit","meteo_concept","api-agro","wunderground"],"min":16.437708,"moy":17.355541,"max":18.24}