{"time":"2019-03-02-21","temperature":[12.24,11.5,12.0,11.0,12.299158],"source":["dark_sky","weatherbit","meteo_concept","wunderground","api-agro"],"min":11.0,"moy":11.807832,"max":12.299158}