{"time":"2019-03-05-11","temperature":[13.9,11.985956,14.0,13.21,12.0],"source":["weatherbit","api-agro","wunderground","dark_sky","meteo_concept"],"min":11.985956,"moy":13.019191,"max":14.0}