{"time":"2019-02-26-20","temperature":[12.1,13.549799,12.63,11.0,13.0],"source":["weatherbit","api-agro","dark_sky","wunderground","meteo_concept"],"min":11.0,"moy":12.45596,"max":13.549799}