{"time":"2019-03-03-14","temperature":[15.481989,19.52,17.0,17.8,18.0],"source":["api-agro","dark_sky","meteo_concept","weatherbit","wunderground"],"min":15.481989,"moy":17.560398,"max":19.52}