{"time":"2019-02-21-18","temperature":[12.73,11.0,13.53721,12.0,12.0],"source":["dark_sky","weatherbit","api-agro","meteo_concept","wunderground"],"min":11.0,"moy":12.253442,"max":13.53721}