{"time":"2019-02-24-18","temperature":[12.0,13.1,13.221827,12.0,12.87],"source":["meteo_concept","weatherbit","api-agro","wunderground","dark_sky"],"min":12.0,"moy":12.638366,"max":13.221827}