{"time":"2019-02-26-15","temperature":[19.419275,20.72,21.0,19.9,20.0],"source":["api-agro","dark_sky","meteo_concept","weatherbit","wunderground"],"min":19.419275,"moy":20.207855,"max":21.0}