{"time":"2019-02-25-17","temperature":[17.26092,16.0,17.0,17.0,16.09],"source":["api-agro","meteo_concept","weatherbit","wunderground","dark_sky"],"min":16.0,"moy":16.670183,"max":17.26092}