{"time":"2019-03-04-15","temperature":[17.93,16.0,16.5,15.381876,18.0],"source":["dark_sky","meteo_concept","weatherbit","api-agro","wunderground"],"min":15.381876,"moy":16.762375,"max":18.0}