{"time":"2019-03-03-19","temperature":[10.85,13.03,12.0,12.0,12.2,12.61,14.140345],"source":["infoclimat","dark_sky","meteo_concept","wunderground","weatherbit","open_weather_map","api-agro"],"min":10.85,"moy":12.404335,"max":14.140345}