{"time":"2019-02-26-19","temperature":[14.0,15.616236,13.66,14.4,12.02,13.75,13.0],"source":["meteo_concept","api-agro","dark_sky","weatherbit","open_weather_map","infoclimat","wunderground"],"min":12.02,"moy":13.778033,"max":15.616236}