{"time":"2019-03-03-13","temperature":[17.7,18.31,18.0,17.0,16.87,16.45,16.440607],"source":["weatherbit","dark_sky","wunderground","meteo_concept","open_weather_map","infoclimat","api-agro"],"min":16.440607,"moy":17.252943,"max":18.31}