{"time":"2019-02-26-12","temperature":[16.3,16.54,15.013239,18.0,17.0],"source":["weatherbit","dark_sky","api-agro","meteo_concept","wunderground"],"min":15.013239,"moy":16.570648,"max":18.0}