{"time":"2019-03-03-14","temperature":[16.483942,19.78,19.0,18.6,17.0],"source":["api-agro","dark_sky","wunderground","weatherbit","meteo_concept"],"min":16.483942,"moy":18.172789,"max":19.78}