{"time":"2019-02-26-15","temperature":[20.0,18.493708,21.0,20.18,20.0],"source":["weatherbit","api-agro","meteo_concept","dark_sky","wunderground"],"min":18.493708,"moy":19.934742,"max":21.0}