{"time":"2019-03-04-11","temperature":[14.0,14.0,12.178919,14.51,14.0],"source":["meteo_concept","weatherbit","api-agro","dark_sky","wunderground"],"min":12.178919,"moy":13.737783,"max":14.51}