{"time":"2019-02-23-02","temperature":[11.0,9.74,11.822138,10.0,11.4],"source":["meteo_concept","dark_sky","api-agro","wunderground","weatherbit"],"min":9.74,"moy":10.792428,"max":11.822138}