{"time":"2019-02-26-21","temperature":[12.1,12.0,11.73,12.16012,11.0],"source":["weatherbit","meteo_concept","dark_sky","api-agro","wunderground"],"min":11.0,"moy":11.798024,"max":12.16012}