{"time":"2019-02-21-13","temperature":[13.33,11.0168705,13.0,13.53,13.85,12.3,14.0],"source":["open_weather_map","api-agro","wunderground","dark_sky","infoclimat","weatherbit","meteo_concept"],"min":11.0168705,"moy":13.003839,"max":14.0}