{"time":"2019-02-23-00","temperature":[13.051966,11.86,12.0,12.7,12.0],"source":["api-agro","dark_sky","meteo_concept","weatherbit","wunderground"],"min":11.86,"moy":12.322393,"max":13.051966}