{"time":"2019-02-24-19","temperature":[13.304132,11.0,11.0,11.4,10.05,11.38,12.05],"source":["api-agro","wunderground","meteo_concept","weatherbit","infoclimat","dark_sky","open_weather_map"],"min":10.05,"moy":11.454876,"max":13.304132}