{"time":"2019-03-01-15","temperature":[20.0,18.2,17.866968,20.58,18.0],"source":["wunderground","weatherbit","api-agro","dark_sky","meteo_concept"],"min":17.866968,"moy":18.929394,"max":20.58}