{"time":"2019-02-24-17","temperature":[15.0,15.7,15.0,16.786646,14.86],"source":["wunderground","weatherbit","meteo_concept","api-agro","dark_sky"],"min":14.86,"moy":15.469329,"max":16.786646}