{"time":"2019-02-21-15","temperature":[15.16,14.4,13.430414,16.0,16.0],"source":["dark_sky","weatherbit","api-agro","wunderground","meteo_concept"],"min":13.430414,"moy":14.998083,"max":16.0}