{"time":"2019-02-25-14","temperature":[15.87829,16.86,17.0,16.8,16.0],"source":["api-agro","dark_sky","wunderground","weatherbit","meteo_concept"],"min":15.87829,"moy":16.507658,"max":17.0}