{"time":"2019-02-27-19","temperature":[14.27,15.920099,15.3,13.0,12.0],"source":["dark_sky","api-agro","weatherbit","wunderground","meteo_concept"],"min":12.0,"moy":14.09802,"max":15.920099}