{"time":"2019-02-26-11","temperature":[13.8,12.605127,14.44,16.0,15.0],"source":["weatherbit","api-agro","dark_sky","meteo_concept","wunderground"],"min":12.605127,"moy":14.369025,"max":16.0}