{"time":"2019-02-26-14","temperature":[19.52,19.5,19.0,17.73617,20.0],"source":["dark_sky","weatherbit","wunderground","api-agro","meteo_concept"],"min":17.73617,"moy":19.151234,"max":20.0}