{"time":"2019-03-03-18","temperature":[16.187403,15.1,15.0,14.0,15.49],"source":["api-agro","weatherbit","wunderground","meteo_concept","dark_sky"],"min":14.0,"moy":15.15548,"max":16.187403}