{"time":"2019-03-03-12","temperature":[16.0,14.998346,16.9,16.42,15.0],"source":["wunderground","api-agro","weatherbit","dark_sky","meteo_concept"],"min":14.998346,"moy":15.863669,"max":16.9}