{"time":"2019-03-01-15","temperature":[17.38128,18.1,18.0,20.1,19.0],"source":["api-agro","weatherbit","meteo_concept","dark_sky","wunderground"],"min":17.38128,"moy":18.516256,"max":20.1}