{"time":"2019-02-22-09","temperature":[10.97,12.1,10.341791,12.0,12.0],"source":["dark_sky","weatherbit","api-agro","meteo_concept","wunderground"],"min":10.341791,"moy":11.482358,"max":12.1}