{"time":"2019-02-28-18","temperature":[18.945826,18.0,18.2,18.79,17.0],"source":["api-agro","wunderground","weatherbit","dark_sky","meteo_concept"],"min":17.0,"moy":18.187164,"max":18.945826}