{"time":"2019-02-26-19","temperature":[13.77,15.838465,14.0,13.65,14.7,12.06,14.0],"source":["dark_sky","api-agro","wunderground","infoclimat","weatherbit","open_weather_map","meteo_concept"],"min":12.06,"moy":14.002638,"max":15.838465}