{"time":"2019-02-28-12","temperature":[16.6,19.0,15.948389,20.0,18.96],"source":["weatherbit","wunderground","api-agro","meteo_concept","dark_sky"],"min":15.948389,"moy":18.101677,"max":20.0}