{"time":"2019-02-27-18","temperature":[19.138819,17.0,17.5,16.0,16.44],"source":["api-agro","wunderground","weatherbit","meteo_concept","dark_sky"],"min":16.0,"moy":17.215763,"max":19.138819}