{"time":"2019-02-24-15","temperature":[15.0,16.16,16.0,16.404322,16.2],"source":["meteo_concept","dark_sky","wunderground","api-agro","weatherbit"],"min":15.0,"moy":15.952865,"max":16.404322}