{"time":"2019-02-24-20","temperature":[10.2,10.0,10.77,11.694941,11.0],"source":["weatherbit","meteo_concept","dark_sky","api-agro","wunderground"],"min":10.0,"moy":10.732988,"max":11.694941}