{"time":"2019-03-03-21","temperature":[10.21,10.0,9.4,10.8623295,10.0],"source":["dark_sky","meteo_concept","weatherbit","api-agro","wunderground"],"min":9.4,"moy":10.094466,"max":10.8623295}