{"time":"2019-02-27-18","temperature":[17.3,18.590296,16.0,17.0,16.57],"source":["weatherbit","api-agro","meteo_concept","wunderground","dark_sky"],"min":16.0,"moy":17.09206,"max":18.590296}