{"time":"2019-03-04-14","temperature":[16.0,14.660532,16.7,18.0,17.89],"source":["meteo_concept","api-agro","weatherbit","wunderground","dark_sky"],"min":14.660532,"moy":16.650106,"max":18.0}