{"time":"2019-03-04-09","temperature":[10.9,10.34,11.0,11.0,10.165705],"source":["weatherbit","dark_sky","meteo_concept","wunderground","api-agro"],"min":10.165705,"moy":10.681141,"max":11.0}