{"time":"2019-02-25-18","temperature":[15.0,15.4,17.028284,13.86,14.0],"source":["wunderground","weatherbit","api-agro","dark_sky","meteo_concept"],"min":13.86,"moy":15.057657,"max":17.028284}