{"time":"2019-02-24-17","temperature":[16.2,14.86,15.0,15.0,16.80633],"source":["weatherbit","dark_sky","meteo_concept","wunderground","api-agro"],"min":14.86,"moy":15.573266,"max":16.80633}