{"time":"2019-02-25-21","temperature":[10.0,10.0,9.5,10.658655,10.31],"source":["meteo_concept","wunderground","weatherbit","api-agro","dark_sky"],"min":9.5,"moy":10.093731,"max":10.658655}