{"time":"2019-02-28-11","temperature":[15.62,12.0,17.0,11.090754,16.0],"source":["dark_sky","weatherbit","meteo_concept","api-agro","wunderground"],"min":11.090754,"moy":14.342151,"max":17.0}