{"time":"2019-02-26-18","temperature":[16.8,18.23849,16.19,16.0,17.0],"source":["weatherbit","api-agro","dark_sky","wunderground","meteo_concept"],"min":16.0,"moy":16.845697,"max":18.23849}