{"time":"2019-02-25-13","temperature":[15.0,16.0,14.8,15.8,14.622248],"source":["meteo_concept","wunderground","dark_sky","weatherbit","api-agro"],"min":14.622248,"moy":15.24445,"max":16.0}