{"time":"2019-02-25-19","temperature":[11.94,14.920313,13.7,12.0,11.05,12.0,10.58],"source":["dark_sky","api-agro","weatherbit","wunderground","infoclimat","meteo_concept","open_weather_map"],"min":10.58,"moy":12.3129015,"max":14.920313}