{"time":"2019-02-20-15","temperature":[14.93,14.0,12.412287,13.2,15.0],"source":["dark_sky","meteo_concept","api-agro","weatherbit","wunderground"],"min":12.412287,"moy":13.908458,"max":15.0}