{"time":"2019-02-20-14","temperature":[14.29,15.0,11.126795,13.0,12.7],"source":["dark_sky","wunderground","api-agro","meteo_concept","weatherbit"],"min":11.126795,"moy":13.223359,"max":15.0}