{"time":"2019-03-04-14","temperature":[16.6,16.0,15.655497,18.13,18.0],"source":["weatherbit","meteo_concept","api-agro","dark_sky","wunderground"],"min":15.655497,"moy":16.8771,"max":18.13}