{"time":"2019-02-21-15","temperature":[16.0,16.67,14.1,13.29867,16.0],"source":["wunderground","dark_sky","weatherbit","api-agro","meteo_concept"],"min":13.29867,"moy":15.213734,"max":16.67}