{"time":"2019-02-20-18","temperature":[12.144556,11.1,11.19,11.0,10.0],"source":["api-agro","weatherbit","dark_sky","wunderground","meteo_concept"],"min":10.0,"moy":11.086911,"max":12.144556}