{"time":"2019-03-02-17","temperature":[16.7,17.08,17.0,15.928339,17.0],"source":["weatherbit","dark_sky","meteo_concept","api-agro","wunderground"],"min":15.928339,"moy":16.741669,"max":17.08}