{"time":"2019-03-05-18","temperature":[14.27,14.0,13.0,14.291315,13.8],"source":["dark_sky","wunderground","meteo_concept","api-agro","weatherbit"],"min":13.0,"moy":13.872263,"max":14.291315}