{"time":"2019-03-02-19","temperature":[12.2,14.0,13.0,13.54,13.98,11.75,14.434061],"source":["weatherbit","meteo_concept","wunderground","open_weather_map","dark_sky","infoclimat","api-agro"],"min":11.75,"moy":13.272009,"max":14.434061}