{"time":"2019-02-26-18","temperature":[17.1,18.283838,17.0,15.82,17.0],"source":["weatherbit","api-agro","meteo_concept","dark_sky","wunderground"],"min":15.82,"moy":17.040768,"max":18.283838}