{"time":"2019-03-02-18","temperature":[16.1,15.0,15.92,15.0,14.149683],"source":["weatherbit","meteo_concept","dark_sky","wunderground","api-agro"],"min":14.149683,"moy":15.233936,"max":16.1}