{"time":"2019-02-21-12","temperature":[11.86,10.2,9.572107,13.0,12.0],"source":["dark_sky","weatherbit","api-agro","meteo_concept","wunderground"],"min":9.572107,"moy":11.326422,"max":13.0}