{"time":"2019-02-24-18","temperature":[13.0,15.286463,12.94,14.0,13.0],"source":["wunderground","api-agro","dark_sky","weatherbit","meteo_concept"],"min":12.94,"moy":13.645292,"max":15.286463}