{"time":"2019-02-22-11","temperature":[13.9,15.3,15.3146305,15.0,15.0],"source":["dark_sky","weatherbit","api-agro","meteo_concept","wunderground"],"min":13.9,"moy":14.902926,"max":15.3146305}