{"time":"2019-02-21-12","temperature":[10.7,13.0,11.99,10.1001835,12.0],"source":["weatherbit","meteo_concept","dark_sky","api-agro","wunderground"],"min":10.1001835,"moy":11.558037,"max":13.0}