{"time":"2019-02-28-15","temperature":[22.1,22.0,21.341211,23.0,23.19],"source":["weatherbit","meteo_concept","api-agro","wunderground","dark_sky"],"min":21.341211,"moy":22.326242,"max":23.19}