{"time":"2019-02-27-15","temperature":[22.0,20.050653,20.3,21.0,20.93],"source":["wunderground","api-agro","weatherbit","meteo_concept","dark_sky"],"min":20.050653,"moy":20.85613,"max":22.0}