{"time":"2019-03-02-15","temperature":[18.48,16.925013,19.0,18.1,17.0],"source":["dark_sky","api-agro","wunderground","weatherbit","meteo_concept"],"min":16.925013,"moy":17.901003,"max":19.0}