{"time":"2019-03-05-19","temperature":[12.0,10.35,12.11,11.0,13.322107,12.61,11.8],"source":["wunderground","infoclimat","open_weather_map","meteo_concept","api-agro","dark_sky","weatherbit"],"min":10.35,"moy":11.884586,"max":13.322107}