{"time":"2019-03-04-15","temperature":[16.8,15.141794,16.0,17.72,18.0],"source":["weatherbit","api-agro","meteo_concept","dark_sky","wunderground"],"min":15.141794,"moy":16.732359,"max":18.0}