{"time":"2019-03-03-15","temperature":[18.7,18.0,20.07,17.184565,19.0],"source":["weatherbit","meteo_concept","dark_sky","api-agro","wunderground"],"min":17.184565,"moy":18.590914,"max":20.07}