{"time":"2019-03-04-12","temperature":[16.0,14.7,15.0,16.51,13.795862],"source":["wunderground","weatherbit","meteo_concept","dark_sky","api-agro"],"min":13.795862,"moy":15.201173,"max":16.51}