{"time":"2019-03-03-20","temperature":[11.51,11.826746,10.3,11.0,10.0],"source":["dark_sky","api-agro","weatherbit","wunderground","meteo_concept"],"min":10.0,"moy":10.927349,"max":11.826746}