{"time":"2019-02-23-12","temperature":[14.65,14.567133,14.9,16.0,15.0],"source":["dark_sky","api-agro","weatherbit","meteo_concept","wunderground"],"min":14.567133,"moy":15.023427,"max":16.0}