{"time":"2019-03-03-11","temperature":[13.6088505,14.0,14.32,15.1,15.0],"source":["api-agro","meteo_concept","dark_sky","weatherbit","wunderground"],"min":13.6088505,"moy":14.40577,"max":15.1}