{"time":"2019-02-21-18","temperature":[12.5,14.22941,13.0,12.0,12.22],"source":["weatherbit","api-agro","wunderground","meteo_concept","dark_sky"],"min":12.0,"moy":12.789882,"max":14.22941}