{"time":"2019-02-21-14","temperature":[13.3,12.296137,15.0,15.97,15.0],"source":["weatherbit","api-agro","meteo_concept","dark_sky","wunderground"],"min":12.296137,"moy":14.313228,"max":15.97}