{"time":"2019-02-28-11","temperature":[11.090754,17.0,16.0,11.4,15.5],"source":["api-agro","meteo_concept","wunderground","weatherbit","dark_sky"],"min":11.090754,"moy":14.198151,"max":17.0}