{"time":"2019-02-21-16","temperature":[15.95,14.3,14.048883,16.25,16.0,17.07,16.0],"source":["infoclimat","weatherbit","api-agro","dark_sky","meteo_concept","open_weather_map","wunderground"],"min":14.048883,"moy":15.659841,"max":17.07}