{"time":"2019-02-24-20","temperature":[10.0,11.694941,9.9,10.0,9.92],"source":["wunderground","api-agro","weatherbit","meteo_concept","dark_sky"],"min":9.9,"moy":10.302988,"max":11.694941}