{"time":"2019-02-21-18","temperature":[12.2,13.0,13.623148,12.76,12.0],"source":["weatherbit","wunderground","api-agro","dark_sky","meteo_concept"],"min":12.0,"moy":12.71663,"max":13.623148}