{"time":"2019-02-23-02","temperature":[11.0,11.9,11.33,12.075739,12.0],"source":["meteo_concept","weatherbit","dark_sky","api-agro","wunderground"],"min":11.0,"moy":11.661148,"max":12.075739}