{"time":"2019-02-26-20","temperature":[12.3,12.18,13.0,11.0,13.666986],"source":["weatherbit","dark_sky","meteo_concept","wunderground","api-agro"],"min":11.0,"moy":12.429398,"max":13.666986}