{"time":"2019-02-22-23","temperature":[13.3,13.0,13.0,13.676355,13.03],"source":["weatherbit","meteo_concept","wunderground","api-agro","dark_sky"],"min":13.0,"moy":13.201271,"max":13.676355}