{"time":"2019-02-25-12","temperature":[13.187433,13.61,14.0,14.0,14.1],"source":["api-agro","dark_sky","meteo_concept","wunderground","weatherbit"],"min":13.187433,"moy":13.779487,"max":14.1}