{"time":"2019-02-26-12","temperature":[17.0,17.0,15.9,15.013239,16.0],"source":["meteo_concept","wunderground","weatherbit","api-agro","dark_sky"],"min":15.013239,"moy":16.182648,"max":17.0}