{"time":"2019-02-24-14","temperature":[16.0,14.0,16.57,15.899561,16.0],"source":["wunderground","meteo_concept","dark_sky","api-agro","weatherbit"],"min":14.0,"moy":15.6939125,"max":16.57}