{"time":"2019-03-03-19","temperature":[12.61,12.0,12.3,11.05,13.12,13.804895,13.0],"source":["open_weather_map","meteo_concept","weatherbit","infoclimat","dark_sky","api-agro","wunderground"],"min":11.05,"moy":12.554985,"max":13.804895}