{"time":"2019-02-28-12","temperature":[18.68,16.6,20.0,15.948389,19.0],"source":["dark_sky","weatherbit","meteo_concept","api-agro","wunderground"],"min":15.948389,"moy":18.045677,"max":20.0}