{"time":"2019-02-25-11","temperature":[12.19,11.334589,12.0,12.0,13.0],"source":["dark_sky","api-agro","wunderground","weatherbit","meteo_concept"],"min":11.334589,"moy":12.104918,"max":13.0}