{"time":"2019-02-28-14","temperature":[22.5,22.0,20.918207,21.0,22.89],"source":["weatherbit","wunderground","api-agro","meteo_concept","dark_sky"],"min":20.918207,"moy":21.86164,"max":22.89}