{"time":"2019-02-23-03","temperature":[8.76,10.7,9.0,11.270182,10.0],"source":["dark_sky","weatherbit","wunderground","api-agro","meteo_concept"],"min":8.76,"moy":9.946036,"max":11.270182}