{"time":"2019-02-28-20","temperature":[14.3,14.0,14.0,15.665659,15.6],"source":["weatherbit","meteo_concept","wunderground","api-agro","dark_sky"],"min":14.0,"moy":14.713132,"max":15.665659}