{"time":"2019-03-02-17","temperature":[17.0,17.1,15.488977,17.0,17.58],"source":["wunderground","weatherbit","api-agro","meteo_concept","dark_sky"],"min":15.488977,"moy":16.833796,"max":17.58}