{"time":"2019-02-23-14","temperature":[17.482508,17.7,18.87,18.0,18.0],"source":["api-agro","weatherbit","dark_sky","meteo_concept","wunderground"],"min":17.482508,"moy":18.010502,"max":18.87}