{"time":"2019-03-01-17","temperature":[18.0,17.0,16.82635,18.64,17.7],"source":["wunderground","meteo_concept","api-agro","dark_sky","weatherbit"],"min":16.82635,"moy":17.63327,"max":18.64}