{"time":"2019-02-26-11","temperature":[13.4,14.08,12.605127,16.0,15.0],"source":["weatherbit","dark_sky","api-agro","meteo_concept","wunderground"],"min":12.605127,"moy":14.217026,"max":16.0}