{"time":"2019-02-25-11","temperature":[11.334589,12.0,12.0,11.8,11.86],"source":["api-agro","meteo_concept","wunderground","weatherbit","dark_sky"],"min":11.334589,"moy":11.798918,"max":12.0}