{"time":"2019-02-21-14","temperature":[12.215265,15.0,15.0,14.54,13.6],"source":["api-agro","meteo_concept","wunderground","dark_sky","weatherbit"],"min":12.215265,"moy":14.071053,"max":15.0}