{"time":"2019-03-04-19","temperature":[11.25,12.0,13.59,13.0,13.734003,12.9,13.55],"source":["infoclimat","meteo_concept","dark_sky","wunderground","api-agro","weatherbit","open_weather_map"],"min":11.25,"moy":12.860572,"max":13.734003}