{"time":"2019-02-24-18","temperature":[14.736475,13.0,14.5,13.0,12.94],"source":["api-agro","wunderground","weatherbit","meteo_concept","dark_sky"],"min":12.94,"moy":13.635295,"max":14.736475}