{"time":"2019-02-26-14","temperature":[20.0,19.77,18.7,19.0,18.464502],"source":["meteo_concept","dark_sky","weatherbit","wunderground","api-agro"],"min":18.464502,"moy":19.186901,"max":20.0}