{"time":"2019-02-23-03","temperature":[9.54,11.532251,10.0,11.0,11.2],"source":["dark_sky","api-agro","meteo_concept","wunderground","weatherbit"],"min":9.54,"moy":10.65445,"max":11.532251}