{"time":"2019-02-24-11","temperature":[12.7,13.0,11.88,12.0,11.78805],"source":["weatherbit","wunderground","dark_sky","meteo_concept","api-agro"],"min":11.78805,"moy":12.27361,"max":13.0}