{"time":"2019-02-27-14","temperature":[21.0,19.8,21.0,19.367334,20.56],"source":["meteo_concept","weatherbit","wunderground","api-agro","dark_sky"],"min":19.367334,"moy":20.345467,"max":21.0}