{"time":"2019-02-25-12","temperature":[14.07,14.0,14.0,14.3,13.187433],"source":["dark_sky","meteo_concept","wunderground","weatherbit","api-agro"],"min":13.187433,"moy":13.911487,"max":14.3}